cluster_id,group_size,model_ids,union_ground_truth_ids,shared_ground_truth_ids,min_pairwise_jaccard,linkage_rules
CLU_BIOMD0000000018,2,BIOMD0000000018;BIOMD0000000213,12,10,0.8333,containment
CLU_BIOMD0000000042,7,BIOMD0000000042;BIOMD0000000061;BIOMD0000000063;BIOMD0000000064;BIOMD0000000071;BIOMD0000000211;BIOMD0000000247,26,5,0.5789,containment
CLU_BIOMD0000000093,2,BIOMD0000000093;BIOMD0000000094,2,2,1.0,jaccard
CLU_BIOMD0000000122,2,BIOMD0000000122;BIOMD0000000123,1,1,1.0,jaccard
CLU_BIOMD0000000172,4,BIOMD0000000172;BIOMD0000000176;BIOMD0000000177;BIOMD0000000503,17,14,0.8235,containment+jaccard
CLU_BIOMD0000000218,4,BIOMD0000000218;BIOMD0000000219;BIOMD0000000221;BIOMD0000000222,13,9,0.75,containment+jaccard
CLU_BIOMD0000000268,3,BIOMD0000000268;BIOMD0000000450;BIOMD0000000674,18,18,1.0,containment+jaccard
CLU_BIOMD0000000471,3,BIOMD0000000471;BIOMD0000000472;BIOMD0000000473,220,189,0.8591,containment+jaccard
CLU_BIOMD0000000689,2,BIOMD0000000689;BIOMD0000000690,6,6,1.0,containment+jaccard
